activation,seed,epoch,train_loss,train_accuracy,val_loss,val_accuracy,learning_rate,dynamic_gamma,trainable_beta,seconds
relu,1,1,4.132873700798882,0.08562222222222222,3.815325413131714,0.153,0.00029815325108927063,,,9.315338752000002
relu,1,2,3.609265611521403,0.1884,3.4773053939819336,0.2126,0.00029265847744427303,,,8.150197867000088
relu,1,3,3.31081716126336,0.2531777777777778,3.2349927730560304,0.2674,0.0002836509786282552,,,8.042532564999988
relu,1,4,3.1253567559983995,0.29417777777777776,3.050396893310547,0.314,0.0002713525491562421,,,8.130673179999917
relu,1,5,2.9728688592274986,0.3359111111111111,2.9980270378112794,0.3326,0.0002560660171779821,,,7.989586982999981
relu,1,6,2.8471769927978516,0.3668222222222222,2.8588166984558105,0.3624,0.000238167787843871,,,8.12731823699994
relu,1,7,2.7425546042548286,0.39568888888888887,2.7830997219085694,0.3902,0.00021809857496093204,,,9.15681121700004
relu,1,8,2.6496866612328422,0.4205111111111111,2.7080969032287596,0.4108,0.00019635254915624216,,,8.248011352000049
relu,1,9,2.5567864651997882,0.4446,2.678275916671753,0.4196,0.00017346516975603468,,,8.160790294000094
relu,1,10,2.4776662211524116,0.47113333333333335,2.6335286922454832,0.4296,0.00015000000000000001,,,8.116929443000004
relu,1,11,2.409240008163452,0.48535555555555554,2.583771856689453,0.4396,0.0001265348302439654,,,8.131201462999911
relu,1,12,2.344873909801907,0.5048888888888889,2.580384990310669,0.4482,0.0001036474508437579,,,8.356678659999943
relu,1,13,2.2824425988939074,0.5247555555555555,2.537138298034668,0.456,8.190142503906799e-05,,,8.18863007899995
relu,1,14,2.2329365017784966,0.5384222222222222,2.525672331237793,0.4702,6.183221215612905e-05,,,8.48548326499997
relu,1,15,2.184951131693522,0.5534,2.5128625482559204,0.4664,4.393398282201788e-05,,,8.169587343999979
relu,1,16,2.1450843690872192,0.5650888888888889,2.4950595432281495,0.4724,2.86474508437579e-05,,,8.644140624999977
relu,1,17,2.115266547139486,0.5754666666666667,2.48396888923645,0.475,1.6349021371744834e-05,,,8.296935161000079
relu,1,18,2.0891012298583984,0.5848,2.48241727104187,0.4764,7.341522555726972e-06,,,8.235868474999961
relu,1,19,2.076489239417182,0.5888444444444444,2.478743881225586,0.4808,1.8467489107293517e-06,,,8.208664128999999
relu,1,20,2.0692293026394313,0.5923333333333334,2.4788574460983277,0.478,0.0,,,8.357340755999985
silu,1,1,4.104438494576348,0.09182222222222222,3.7997280471801758,0.1526,0.00029815325108927063,,,8.291037714000026
silu,1,2,3.590858976236979,0.1942222222222222,3.440804514694214,0.2146,0.00029265847744427303,,,8.403824964000023
silu,1,3,3.298788211356269,0.25797777777777775,3.2355871326446533,0.2628,0.0002836509786282552,,,8.455930885000043
silu,1,4,3.116837122133043,0.29888888888888887,3.0551760074615477,0.3112,0.0002713525491562421,,,8.343842705000043
silu,1,5,2.9682786527845595,0.33697777777777776,2.963327989959717,0.3352,0.0002560660171779821,,,8.475880598000003
silu,1,6,2.8491833412594265,0.36833333333333335,2.8749590633392335,0.3584,0.000238167787843871,,,9.14800212900002
silu,1,7,2.748392574013604,0.39642222222222223,2.7915531311035156,0.3892,0.00021809857496093204,,,9.307376749000014
silu,1,8,2.655749301401774,0.41917777777777776,2.7217560997009276,0.4008,0.00019635254915624216,,,8.53588670900001
silu,1,9,2.568081703355577,0.4424,2.6670666889190673,0.4192,0.00017346516975603468,,,8.599619339000014
silu,1,10,2.4872907316843667,0.46715555555555555,2.639983321762085,0.4356,0.00015000000000000001,,,8.771074010999996
silu,1,11,2.423277484258016,0.48186666666666667,2.596279607391357,0.4398,0.0001265348302439654,,,9.41383981599995
silu,1,12,2.3566689351823595,0.5022444444444445,2.560208986854553,0.4536,0.0001036474508437579,,,9.431143753000015
silu,1,13,2.2971982508765327,0.5203555555555556,2.5447463024139405,0.4598,8.190142503906799e-05,,,9.082117977999928
silu,1,14,2.251960738076104,0.5325111111111112,2.5216705028533934,0.4676,6.183221215612905e-05,,,8.483764146999988
silu,1,15,2.204572750854492,0.5484222222222223,2.510406425666809,0.4686,4.393398282201788e-05,,,8.652752880000094
silu,1,16,2.16706619076199,0.5622666666666667,2.489456572723389,0.4748,2.86474508437579e-05,,,8.710388319999993
silu,1,17,2.132993861219618,0.5713777777777778,2.4806996536254884,0.4788,1.6349021371744834e-05,,,8.648925028000122
silu,1,18,2.1142573978000216,0.5763111111111111,2.474851862335205,0.4802,7.341522555726972e-06,,,8.672045881999793
silu,1,19,2.101180262205336,0.5827111111111111,2.4744821907043457,0.479,1.8467489107293517e-06,,,8.471071488000007
silu,1,20,2.0934816343095566,0.5854888888888888,2.4751193056106566,0.482,0.0,,,9.460192667000001
gelu,1,1,4.073644985707601,0.09735555555555556,3.7372780502319336,0.1654,0.00029815325108927063,,,8.551788803999898
gelu,1,2,3.5270840437147353,0.2054888888888889,3.3864167961120604,0.229,0.00029265847744427303,,,8.883652115999894
gelu,1,3,3.233257184516059,0.27084444444444444,3.156004670715332,0.2826,0.0002836509786282552,,,8.408813413999951
gelu,1,4,3.043344376627604,0.3154888888888889,2.9812301181793215,0.3294,0.0002713525491562421,,,8.720201678999956
gelu,1,5,2.888536634741889,0.3589111111111111,2.893919571685791,0.3542,0.0002560660171779821,,,8.384650402000034
gelu,1,6,2.75941480017768,0.39144444444444443,2.7943997817993163,0.3904,0.000238167787843871,,,8.8812700819999
gelu,1,7,2.651302028444078,0.4225333333333333,2.7270334922790527,0.4016,0.00021809857496093204,,,9.338270275000013
gelu,1,8,2.5544600632985435,0.4448888888888889,2.6434340644836425,0.4224,0.00019635254915624216,,,8.668396081999845
gelu,1,9,2.4582325834062364,0.4716888888888889,2.6045564025878907,0.4394,0.00017346516975603468,,,8.570318299999826
gelu,1,10,2.3697589729732935,0.4975777777777778,2.5765145717620848,0.4542,0.00015000000000000001,,,9.315355969999928
gelu,1,11,2.3012220333947075,0.5159777777777778,2.529942827606201,0.4618,0.0001265348302439654,,,8.558206718000065
gelu,1,12,2.229900469462077,0.5393333333333333,2.5107406673431396,0.4678,0.0001036474508437579,,,8.651923411000098
gelu,1,13,2.1662262669881187,0.5571555555555555,2.4912600496292114,0.4768,8.190142503906799e-05,,,8.548327043999961
gelu,1,14,2.1104934859805637,0.5748666666666666,2.4713200466156007,0.4892,6.183221215612905e-05,,,8.495195427999988
gelu,1,15,2.0626560569763184,0.5916222222222223,2.4600981922149656,0.4958,4.393398282201788e-05,,,8.806417120999868
gelu,1,16,2.019678150261773,0.6052444444444445,2.44812513923645,0.4918,2.86474508437579e-05,,,8.546511406000036
gelu,1,17,1.9851971979353162,0.6174444444444445,2.44400013256073,0.4972,1.6349021371744834e-05,,,8.507038545000114
gelu,1,18,1.965347205819024,0.6235333333333334,2.436473303222656,0.497,7.341522555726972e-06,,,8.673069896999777
gelu,1,19,1.9490030347188314,0.6302222222222222,2.4387679573059082,0.4984,1.8467489107293517e-06,,,8.43946661200016
gelu,1,20,1.9438938867357043,0.6320444444444444,2.437370895385742,0.4972,0.0,,,8.55197359900012
dgelu,1,1,4.130311193211873,0.08606666666666667,3.8459297832489012,0.1408,0.00029815325108927063,1.0,,19.585688279000124
dgelu,1,2,3.6472027435302734,0.18222222222222223,3.4895139488220215,0.2058,0.00029265847744427303,0.9473684210526316,,19.429324463000057
dgelu,1,3,3.3515344788445365,0.24586666666666668,3.2888929233551027,0.25,0.0002836509786282552,0.8947368421052632,,19.537442916999908
dgelu,1,4,3.1681303734673394,0.2870666666666667,3.0978488510131834,0.3,0.0002713525491562421,0.8421052631578947,,19.386012744000027
dgelu,1,5,3.007264151594374,0.3273111111111111,3.0029919830322265,0.3256,0.0002560660171779821,0.7894736842105263,,19.51440526600004
dgelu,1,6,2.874474005762736,0.36335555555555554,2.892021185302734,0.3552,0.000238167787843871,0.736842105263158,,19.565114661000052
dgelu,1,7,2.761043386586507,0.3895111111111111,2.8104130786895754,0.3742,0.00021809857496093204,0.6842105263157895,,19.506635691000156
dgelu,1,8,2.658585913933648,0.4188,2.7338405456542967,0.3982,0.00019635254915624216,0.631578947368421,,19.62842948499997
dgelu,1,9,2.5582230923546687,0.44335555555555556,2.6681602405548097,0.4148,0.00017346516975603468,0.5789473684210527,,19.32369843599986
dgelu,1,10,2.4737415533277725,0.4686222222222222,2.648099230003357,0.4266,0.00015000000000000001,0.5263157894736843,,19.43391141799998
dgelu,1,11,2.398040927802192,0.48873333333333335,2.6018588348388674,0.4402,0.0001265348302439654,0.4736842105263158,,19.45456345399998
dgelu,1,12,2.328285415946113,0.5094,2.585597527694702,0.4414,0.0001036474508437579,0.42105263157894735,,19.4153871420001
dgelu,1,13,2.26442067044576,0.5293333333333333,2.5618507446289063,0.4524,8.190142503906799e-05,0.368421052631579,,19.310726122999995
dgelu,1,14,2.2133060061984593,0.5426444444444445,2.5364114280700685,0.4654,6.183221215612905e-05,0.3157894736842105,,19.448598832000016
dgelu,1,15,2.1647485443115233,0.5612444444444444,2.534654274749756,0.4698,4.393398282201788e-05,0.26315789473684215,,19.447443069999963
dgelu,1,16,2.122825691625807,0.5744444444444444,2.51829447517395,0.4666,2.86474508437579e-05,0.21052631578947367,,19.330977858000097
dgelu,1,17,2.0872624558342827,0.5849555555555556,2.508427921104431,0.4756,1.6349021371744834e-05,0.1578947368421053,,19.38726822800004
dgelu,1,18,2.068809597629971,0.5904222222222222,2.504349440383911,0.477,7.341522555726972e-06,0.10526315789473684,,19.451512889000014
dgelu,1,19,2.056008758799235,0.5935111111111111,2.5047156274795532,0.4746,1.8467489107293517e-06,0.052631578947368474,,19.373563171999876
dgelu,1,20,2.0517031278822158,0.5993111111111111,2.5101255958557127,0.475,0.0,0.0,,19.442160649000016
uelu,1,1,4.059729750145806,0.10046666666666666,3.700178129577637,0.1724,0.00029815325108927063,,,11.465171077999912
uelu,1,2,3.49873920050727,0.2104,3.386071453094482,0.2326,0.00029265847744427303,,,11.272562579999885
uelu,1,3,3.215184492746989,0.2741777777777778,3.131971268463135,0.2928,0.0002836509786282552,,,11.352055369999789
uelu,1,4,3.0249575280931262,0.32004444444444446,2.9613313442230225,0.334,0.0002713525491562421,,,11.244655390999924
uelu,1,5,2.870763372378879,0.36095555555555553,2.8852161975860597,0.3602,0.0002560660171779821,,,11.332516498000132
uelu,1,6,2.739023606024848,0.39626666666666666,2.7846798263549806,0.3854,0.000238167787843871,,,11.315057558000035
uelu,1,7,2.6301322047339544,0.42617777777777777,2.704276309967041,0.4082,0.00021809857496093204,,,11.386610822999955
uelu,1,8,2.5280923657311334,0.45053333333333334,2.6257224853515626,0.43,0.00019635254915624216,,,11.33598804799999
uelu,1,9,2.433033447435167,0.47813333333333335,2.5897807279586793,0.4406,0.00017346516975603468,,,11.294377495999925
uelu,1,10,2.3446951888190375,0.5054444444444445,2.567528450012207,0.4494,0.00015000000000000001,,,11.356973995999851
uelu,1,11,2.2726496414608426,0.5214888888888889,2.5161107988357543,0.4648,0.0001265348302439654,,,11.326990401000103
uelu,1,12,2.2023114601135254,0.5457111111111111,2.5031551536560057,0.471,0.0001036474508437579,,,11.411683116999939
uelu,1,13,2.137616889360216,0.5673111111111111,2.4858734420776365,0.4734,8.190142503906799e-05,,,11.357015960999888
uelu,1,14,2.0822761206732854,0.5842222222222222,2.465298346710205,0.48,6.183221215612905e-05,,,11.358524179000142
uelu,1,15,2.032218747033013,0.6006,2.4567870056152343,0.4852,4.393398282201788e-05,,,11.337034662000178
uelu,1,16,1.9887670799467299,0.6147333333333334,2.452039415550232,0.4848,2.86474508437579e-05,,,11.364786936999963
uelu,1,17,1.9534483570098877,0.6260666666666667,2.4403554353713988,0.4918,1.6349021371744834e-05,,,11.374084191999827
uelu,1,18,1.9314540896097818,0.6338444444444444,2.436764500808716,0.496,7.341522555726972e-06,,,11.313348572999985
uelu,1,19,1.9149997959984673,0.6422222222222222,2.4373217025756837,0.4948,1.8467489107293517e-06,,,11.320024563999823
uelu,1,20,1.9098542545742458,0.6448222222222222,2.4366651721954344,0.494,0.0,,,11.589951294999992
uelu3,1,1,4.126179982164171,0.08786666666666666,3.8382365734100343,0.1438,0.00029815325108927063,,,11.727975969999989
uelu3,1,2,3.6380183862898083,0.18435555555555555,3.478156589126587,0.2038,0.00029265847744427303,,,11.703794443000106
uelu3,1,3,3.3405638629489474,0.2477777777777778,3.278823952102661,0.2534,0.0002836509786282552,,,11.335258099999919
uelu3,1,4,3.1565790870666506,0.2918,3.086862973403931,0.3034,0.0002713525491562421,,,11.439099240999894
uelu3,1,5,3.0018945476955836,0.3292888888888889,2.9939598358154296,0.3294,0.0002560660171779821,,,11.561934732000054
uelu3,1,6,2.877709378390842,0.36006666666666665,2.9026275959014893,0.3546,0.000238167787843871,,,11.39325100200017
uelu3,1,7,2.7690184651692706,0.3897555555555556,2.80902225189209,0.3792,0.00021809857496093204,,,11.349247590999994
uelu3,1,8,2.673257914903429,0.4137111111111111,2.7463671855926512,0.3932,0.00019635254915624216,,,11.32239437699991
uelu3,1,9,2.5805944996303984,0.4384,2.687088239097595,0.4048,0.00017346516975603468,,,11.374715229000003
uelu3,1,10,2.5005921504974364,0.46273333333333333,2.6708941493988037,0.4192,0.00015000000000000001,,,11.405064280000033
uelu3,1,11,2.428729420937432,0.48004444444444444,2.6254008934021,0.4292,0.0001265348302439654,,,11.373243215999992
uelu3,1,12,2.361788769785563,0.5018222222222222,2.5957450607299806,0.4444,0.0001036474508437579,,,11.537422085999879
uelu3,1,13,2.3012292327457002,0.5186888888888889,2.575866611099243,0.451,8.190142503906799e-05,,,11.678789796000046
uelu3,1,14,2.252885029051039,0.5330444444444444,2.554901976394653,0.4568,6.183221215612905e-05,,,11.513710445000015
uelu3,1,15,2.206581764984131,0.5474444444444444,2.548555561065674,0.4628,4.393398282201788e-05,,,11.512766906000024
uelu3,1,16,2.169188019858466,0.5584444444444444,2.525634387397766,0.4642,2.86474508437579e-05,,,11.382805107000195
uelu3,1,17,2.134093173980713,0.5706222222222223,2.522256497192383,0.4658,1.6349021371744834e-05,,,11.340844920000109
uelu3,1,18,2.117322566562229,0.5743555555555555,2.5150837539672852,0.4692,7.341522555726972e-06,,,11.505971651999971
uelu3,1,19,2.1008198489930896,0.5818222222222222,2.512771445465088,0.4704,1.8467489107293517e-06,,,11.308387731000039
uelu3,1,20,2.0945475023057725,0.5851111111111111,2.5146750967025757,0.47,0.0,,,11.390930032999677
tuelu,1,1,4.059568427234225,0.10033333333333333,3.6996755981445313,0.1736,0.00029815325108927063,,1.0303527116775513,13.451233209999828
tuelu,1,2,3.4978323854234485,0.21031111111111112,3.3826313930511476,0.2326,0.00029265847744427303,,1.0499788522720337,13.48728601799985
tuelu,1,3,3.2129723368326824,0.2753333333333333,3.128748468399048,0.2926,0.0002836509786282552,,1.0677846670150757,13.426794917999814
tuelu,1,4,3.021910140652127,0.3208666666666667,2.9578916770935058,0.3364,0.0002713525491562421,,1.0820931196212769,13.57150262999994
tuelu,1,5,2.8669840600331624,0.36162222222222223,2.8790148937225344,0.3596,0.0002560660171779821,,1.0948985815048218,13.480557566000243
tuelu,1,6,2.734880235036214,0.39724444444444446,2.781740612792969,0.386,0.000238167787843871,,1.10680091381073,13.566712354000174
tuelu,1,7,2.6258213355594213,0.42733333333333334,2.699850330734253,0.4114,0.00021809857496093204,,1.114925742149353,13.529079045000344
tuelu,1,8,2.5231180909898545,0.4527777777777778,2.6228619327545166,0.4286,0.00019635254915624216,,1.119498372077942,13.428704512999957
tuelu,1,9,2.426449777730306,0.48044444444444445,2.5845229824066163,0.4404,0.00017346516975603468,,1.125887393951416,13.423969723000027
tuelu,1,10,2.338379615105523,0.5064222222222222,2.5656335163116455,0.4512,0.00015000000000000001,,1.129041075706482,13.531347242000265
tuelu,1,11,2.2667952157762317,0.5230444444444444,2.513662128448486,0.4648,0.0001265348302439654,,1.1298476457595825,13.39327483299985
tuelu,1,12,2.195453434223599,0.5467555555555556,2.499535830307007,0.4704,0.0001036474508437579,,1.130892038345337,13.396474091000073
tuelu,1,13,2.1306132261488173,0.569,2.4832419807434083,0.475,8.190142503906799e-05,,1.131251573562622,13.406503139000051
tuelu,1,14,2.07513468776279,0.5852444444444445,2.46437713432312,0.4824,6.183221215612905e-05,,1.1310871839523315,13.42263941200008
tuelu,1,15,2.0248098589579264,0.6025333333333334,2.4544939083099364,0.483,4.393398282201788e-05,,1.1309994459152222,13.38026457299975
tuelu,1,16,1.9819452885521782,0.6162444444444445,2.4499739963531493,0.4866,2.86474508437579e-05,,1.1311604976654053,13.434299368000211
tuelu,1,17,1.945704170481364,0.6282222222222222,2.4386831035614014,0.4914,1.6349021371744834e-05,,1.131360650062561,13.366143806999844
tuelu,1,18,1.9236756262461345,0.6358444444444444,2.434237874984741,0.4966,7.341522555726972e-06,,1.1311486959457397,13.376940674000252
tuelu,1,19,1.908096697552999,0.6437555555555555,2.435137020301819,0.4978,1.8467489107293517e-06,,1.1310943365097046,13.429832672999964
tuelu,1,20,1.9018685920715332,0.6451333333333333,2.434650647354126,0.4932,0.0,,1.1311136484146118,13.437769664999905
relu,2,1,4.123546261299981,0.08873333333333333,3.804825762939453,0.1394,0.00029815325108927063,,,8.541654937000203
relu,2,2,3.5971346162160236,0.18946666666666667,3.4335419578552244,0.2198,0.00029265847744427303,,,8.66050807900001
relu,2,3,3.3144813498179118,0.25233333333333335,3.2133526626586915,0.2682,0.0002836509786282552,,,8.424205919999622
relu,2,4,3.122221171400282,0.29673333333333335,3.0713947784423827,0.3124,0.0002713525491562421,,,8.606946373000028
relu,2,5,2.9775339139726427,0.3353555555555556,2.974542318725586,0.3368,0.0002560660171779821,,,8.529316768000172
relu,2,6,2.8462936581929523,0.3662666666666667,2.878981600189209,0.363,0.000238167787843871,,,8.281591062999723
relu,2,7,2.7386630286746554,0.39624444444444445,2.8152480110168456,0.3726,0.00021809857496093204,,,8.376948787999936
relu,2,8,2.6423214070214165,0.4222,2.7363565231323244,0.4014,0.00019635254915624216,,,8.371277233
relu,2,9,2.5526404440138073,0.44606666666666667,2.6785079334259034,0.4164,0.00017346516975603468,,,8.492840276000152
relu,2,10,2.4778415604909263,0.4672,2.633802007675171,0.4252,0.00015000000000000001,,,8.284995401000288
relu,2,11,2.39971050330268,0.4905111111111111,2.605523742675781,0.434,0.0001265348302439654,,,9.416581658000268
relu,2,12,2.3279386803944906,0.5097333333333334,2.5726975275039674,0.4486,0.0001036474508437579,,,8.600607392999791
relu,2,13,2.269200205315484,0.5289555555555555,2.5425039695739744,0.4558,8.190142503906799e-05,,,8.37578234900002
relu,2,14,2.213382731458876,0.5428222222222222,2.5268820619583128,0.4576,6.183221215612905e-05,,,8.329984859999968
relu,2,15,2.168266466946072,0.5560666666666667,2.5161159603118897,0.4632,4.393398282201788e-05,,,8.436098595999738
relu,2,16,2.1327072355906167,0.5672666666666667,2.508259093284607,0.4724,2.86474508437579e-05,,,8.3070402379999
relu,2,17,2.098341372511122,0.5776666666666667,2.497319592285156,0.4746,1.6349021371744834e-05,,,8.678295292999792
relu,2,18,2.0764922031614517,0.5879333333333333,2.4931821563720704,0.4752,7.341522555726972e-06,,,9.472254790000079
relu,2,19,2.0586739448547364,0.5922444444444445,2.489652981185913,0.4776,1.8467489107293517e-06,,,8.467505937000169
relu,2,20,2.0571754767100017,0.5934222222222222,2.4879199823379516,0.4784,0.0,,,8.750604352999744
silu,2,1,4.082711388905843,0.09606666666666666,3.784643474960327,0.1494,0.00029815325108927063,,,8.446539711999776
silu,2,2,3.591025301530626,0.19257777777777776,3.4329222747802732,0.2268,0.00029265847744427303,,,9.01778870599992
silu,2,3,3.3240992967393663,0.2521333333333333,3.2368616775512695,0.2666,0.0002836509786282552,,,8.43493497999998
silu,2,4,3.141966857783,0.2925111111111111,3.093096549987793,0.3118,0.0002713525491562421,,,8.632516586999827
silu,2,5,2.9999364226023357,0.3282,3.0316740196228027,0.3234,0.0002560660171779821,,,9.32074420500021
silu,2,6,2.873672870678372,0.36206666666666665,2.885742110443115,0.3614,0.000238167787843871,,,8.770203004999985
silu,2,7,2.7673746526506213,0.38895555555555555,2.8149011688232424,0.383,0.00021809857496093204,,,8.59714046199997
silu,2,8,2.662990706507365,0.41673333333333334,2.7346179168701172,0.4066,0.00019635254915624216,,,8.609076719999848
silu,2,9,2.5740835820092096,0.44035555555555556,2.6760126583099364,0.42,0.00017346516975603468,,,8.728028630000153
silu,2,10,2.4921378656175404,0.46275555555555553,2.6270312061309813,0.4344,0.00015000000000000001,,,8.83355758200014
silu,2,11,2.4155856620788576,0.48677777777777775,2.6048779933929445,0.4508,0.0001265348302439654,,,8.601975645000039
silu,2,12,2.347400699403551,0.5053111111111112,2.567161099624634,0.4542,0.0001036474508437579,,,8.655176476000179
silu,2,13,2.289592087512546,0.5219555555555555,2.5285430236816406,0.466,8.190142503906799e-05,,,8.733691532999728
silu,2,14,2.2331688435872397,0.5386888888888889,2.514047695541382,0.4692,6.183221215612905e-05,,,8.586033389000022
silu,2,15,2.190786913257175,0.5509555555555555,2.4951895866394045,0.4806,4.393398282201788e-05,,,8.467259334000119
silu,2,16,2.1504206601460774,0.5630666666666667,2.4883760261535643,0.4812,2.86474508437579e-05,,,8.459484298999996
silu,2,17,2.123222820239597,0.5735555555555556,2.4696439235687255,0.4892,1.6349021371744834e-05,,,8.610569450000185
silu,2,18,2.0964452902264066,0.5802888888888889,2.4661009557724,0.4856,7.341522555726972e-06,,,8.577451472999655
silu,2,19,2.085973767259386,0.5848888888888889,2.4642235628128053,0.4878,1.8467489107293517e-06,,,9.538622900000064
silu,2,20,2.0832537709554035,0.5849777777777778,2.4625400409698486,0.4878,0.0,,,9.536139697999715
gelu,2,1,4.05561737429301,0.10115555555555555,3.7360645408630373,0.1528,0.00029815325108927063,,,8.794962214999941
gelu,2,2,3.521163606770833,0.2066888888888889,3.358872569274902,0.236,0.00029265847744427303,,,8.698437269999886
gelu,2,3,3.247614355214437,0.2694,3.1600576263427733,0.2868,0.0002836509786282552,,,8.904789209999763
gelu,2,4,3.05793072297838,0.3119777777777778,3.0107927505493164,0.3258,0.0002713525491562421,,,8.53577833700001
gelu,2,5,2.9098004412757024,0.3491111111111111,2.947826036453247,0.345,0.0002560660171779821,,,8.911399766999693
gelu,2,6,2.779537457487318,0.3867777777777778,2.808650270843506,0.382,0.000238167787843871,,,8.812645570000313
gelu,2,7,2.6704311002519394,0.41304444444444444,2.7389350219726563,0.4,0.00021809857496093204,,,8.508549845999823
gelu,2,8,2.5626066485934786,0.4416,2.6867940099716185,0.4182,0.00019635254915624216,,,8.961549218000073
gelu,2,9,2.4727178441789417,0.4674888888888889,2.622261651992798,0.4366,0.00017346516975603468,,,8.463197084000058
gelu,2,10,2.3882111668904624,0.4912222222222222,2.57832963848114,0.4486,0.00015000000000000001,,,8.533949122000195
gelu,2,11,2.311255513763428,0.5126888888888889,2.567354934692383,0.452,0.0001265348302439654,,,8.668264634000025
gelu,2,12,2.237511575190226,0.5361111111111111,2.519038748168945,0.4708,0.0001036474508437579,,,8.675981700999728
gelu,2,13,2.174964269892375,0.5545555555555556,2.4921822147369386,0.4764,8.190142503906799e-05,,,8.493173151000065
gelu,2,14,2.1161219456566704,0.5736666666666667,2.480680083656311,0.4754,6.183221215612905e-05,,,8.66687634300024
gelu,2,15,2.0690017517937553,0.5870444444444445,2.4690066175460816,0.4838,4.393398282201788e-05,,,9.62900313900036
gelu,2,16,2.03155119972229,0.6019777777777777,2.458648331451416,0.4878,2.86474508437579e-05,,,8.43348473900005
gelu,2,17,1.9966236467149523,0.6124666666666667,2.4461809129714966,0.4942,1.6349021371744834e-05,,,8.80466393200004
gelu,2,18,1.9690412838406033,0.6204666666666667,2.445261226272583,0.4926,7.341522555726972e-06,,,8.982937915999628
gelu,2,19,1.957933561176724,0.6258222222222222,2.4428554595947265,0.4942,1.8467489107293517e-06,,,9.417502245999913
gelu,2,20,1.9540601291444566,0.6265333333333334,2.4408615856170655,0.494,0.0,,,9.011038621999887
dgelu,2,1,4.109972211456299,0.09086666666666667,3.8326900058746336,0.1396,0.00029815325108927063,1.0,,19.599443075999716
dgelu,2,2,3.6500862513224286,0.18157777777777778,3.499299667739868,0.2114,0.00029265847744427303,0.9473684210526316,,19.63676400600025
dgelu,2,3,3.3859270277659097,0.2408,3.2976286903381347,0.2548,0.0002836509786282552,0.8947368421052632,,19.629958904999967
dgelu,2,4,3.2057416313595244,0.2780222222222222,3.150236155319214,0.2952,0.0002713525491562421,0.8421052631578947,,19.4361181940003
dgelu,2,5,3.065031597900391,0.3146888888888889,3.085656275177002,0.3102,0.0002560660171779821,0.7894736842105263,,19.448976368999865
dgelu,2,6,2.93639081103007,0.34613333333333335,2.9382049213409425,0.3474,0.000238167787843871,0.736842105263158,,19.58209307900006
dgelu,2,7,2.824368696170383,0.3748444444444444,2.855801971054077,0.365,0.00021809857496093204,0.6842105263157895,,19.400178636999954
dgelu,2,8,2.7152393405914306,0.40326666666666666,2.761116603851318,0.395,0.00019635254915624216,0.631578947368421,,19.62015923800027
dgelu,2,9,2.622444964641995,0.4267111111111111,2.7074363861083985,0.4112,0.00017346516975603468,0.5789473684210527,,19.496654772000056
dgelu,2,10,2.5355419143252904,0.45211111111111113,2.6590381826400757,0.43,0.00015000000000000001,0.5263157894736843,,19.326230527999996
dgelu,2,11,2.457779374610053,0.4756888888888889,2.6227399280548096,0.4394,0.0001265348302439654,0.4736842105263158,,19.62051453899994
dgelu,2,12,2.3850155799018014,0.49615555555555557,2.5776331867218016,0.4494,0.0001036474508437579,0.42105263157894735,,19.516647968000143
dgelu,2,13,2.3225218767378064,0.5126666666666667,2.548164938354492,0.4612,8.190142503906799e-05,0.368421052631579,,19.560263587999998
dgelu,2,14,2.2653618681165906,0.5288888888888889,2.5263747142791746,0.465,6.183221215612905e-05,0.3157894736842105,,19.37980253700016
dgelu,2,15,2.218370733388265,0.5435777777777778,2.5074844760894774,0.4734,4.393398282201788e-05,0.26315789473684215,,19.615301489000103
dgelu,2,16,2.178849492984348,0.5547111111111112,2.4970872819900514,0.483,2.86474508437579e-05,0.21052631578947367,,19.575192018999587
dgelu,2,17,2.1502156462351483,0.5637333333333333,2.4820897411346436,0.4856,1.6349021371744834e-05,0.1578947368421053,,19.371428885000114
dgelu,2,18,2.1253148810068767,0.572,2.4831214185714723,0.4802,7.341522555726972e-06,0.10526315789473684,,19.583581349999804
dgelu,2,19,2.1148072615305584,0.5756,2.4795758544921873,0.4854,1.8467489107293517e-06,0.052631578947368474,,19.512328577000062
dgelu,2,20,2.114359354909261,0.5755111111111111,2.482441255187988,0.4866,0.0,0.0,,19.406030717999784
uelu,2,1,4.050260326512655,0.10226666666666667,3.7212670051574706,0.1602,0.00029815325108927063,,,11.511645379000129
uelu,2,2,3.4961663891262478,0.21224444444444446,3.3285287673950195,0.24,0.00029265847744427303,,,11.263180694000312
uelu,2,3,3.218003060192532,0.27464444444444447,3.1275545455932616,0.2962,0.0002836509786282552,,,11.461091304000092
uelu,2,4,3.0245461368984645,0.3201111111111111,2.980240040588379,0.3298,0.0002713525491562421,,,11.2839026810002
uelu,2,5,2.873753768073188,0.3577111111111111,2.8963091945648194,0.3552,0.0002560660171779821,,,11.442870558999857
uelu,2,6,2.7388543663872613,0.39613333333333334,2.791828244781494,0.385,0.000238167787843871,,,11.353669514999638
uelu,2,7,2.6287314027150472,0.42435555555555554,2.7150745037078856,0.4008,0.00021809857496093204,,,11.2905391219997
uelu,2,8,2.5232988699171277,0.4528,2.659656477355957,0.4188,0.00019635254915624216,,,11.37542572600023
uelu,2,9,2.4332866503397623,0.4792666666666667,2.596259167098999,0.4416,0.00017346516975603468,,,11.346125348999976
uelu,2,10,2.3492292044745553,0.5017555555555555,2.552952732086182,0.4558,0.00015000000000000001,,,11.32569383300006
uelu,2,11,2.2713738881429038,0.5244888888888889,2.5381682527542115,0.455,0.0001265348302439654,,,11.336659334999695
uelu,2,12,2.196428512234158,0.5466222222222222,2.4892440940856932,0.4756,0.0001036474508437579,,,11.319451740000204
uelu,2,13,2.1317714539845785,0.5673555555555555,2.478213102722168,0.4766,8.190142503906799e-05,,,11.343206145000295
uelu,2,14,2.073000932396783,0.5864,2.4649252059936524,0.4816,6.183221215612905e-05,,,11.37077488299974
uelu,2,15,2.022035330412123,0.6008222222222223,2.45231107673645,0.4878,4.393398282201788e-05,,,11.439462901000297
uelu,2,16,1.984451110288832,0.6153777777777778,2.4472314998626707,0.491,2.86474508437579e-05,,,11.44730736800011
uelu,2,17,1.9509180469089085,0.6256222222222222,2.4353688316345217,0.4926,1.6349021371744834e-05,,,11.39934864299994
uelu,2,18,1.9267791142993502,0.6332444444444445,2.4370522914886474,0.4928,7.341522555726972e-06,,,11.42852828299965
uelu,2,19,1.9093548028733995,0.6388444444444444,2.4332504283905028,0.4958,1.8467489107293517e-06,,,11.350278969000101
uelu,2,20,1.904894377178616,0.6408888888888888,2.4310924522399904,0.4976,0.0,,,11.146471448999819
uelu3,2,1,4.103143042839898,0.09204444444444444,3.8173355239868165,0.1424,0.00029815325108927063,,,11.254963257000327
uelu3,2,2,3.635139752324422,0.1848,3.490073631668091,0.2122,0.00029265847744427303,,,11.207213439000043
uelu3,2,3,3.3733617597791885,0.24204444444444445,3.2859112747192385,0.258,0.0002836509786282552,,,11.38312692799991
uelu3,2,4,3.1902661907196044,0.28242222222222224,3.137043521118164,0.3,0.0002713525491562421,,,11.395252940999853
uelu3,2,5,3.0496656023661295,0.31724444444444444,3.0805270431518554,0.3106,0.0002560660171779821,,,11.358896892999837
uelu3,2,6,2.925971504720052,0.34917777777777775,2.9309261772155764,0.3492,0.000238167787843871,,,11.40932304900025
uelu3,2,7,2.8218232205284965,0.37577777777777777,2.861290390777588,0.3676,0.00021809857496093204,,,11.267419555000288
uelu3,2,8,2.7195050003475614,0.3987111111111111,2.7665161170959474,0.3962,0.00019635254915624216,,,11.20388461399989
uelu3,2,9,2.632983855141534,0.4251111111111111,2.730648819732666,0.4036,0.00017346516975603468,,,11.332451494999987
uelu3,2,10,2.552994398244222,0.44751111111111114,2.6793616081237794,0.4176,0.00015000000000000001,,,11.472315137999885
uelu3,2,11,2.4815482662200927,0.46704444444444443,2.647761400985718,0.4322,0.0001265348302439654,,,11.389535795000029
uelu3,2,12,2.410384302520752,0.4868222222222222,2.6061231395721434,0.4416,0.0001036474508437579,,,11.472048481999991
uelu3,2,13,2.3548152726067437,0.5032222222222222,2.573690364074707,0.4498,8.190142503906799e-05,,,11.425055730000167
uelu3,2,14,2.304157018449571,0.5164222222222222,2.560414252090454,0.4548,6.183221215612905e-05,,,11.143053446000067
uelu3,2,15,2.2587909088982476,0.5312888888888889,2.53822246131897,0.4626,4.393398282201788e-05,,,11.278935675999946
uelu3,2,16,2.222060906558567,0.5399555555555555,2.5308468948364258,0.4632,2.86474508437579e-05,,,11.393508741000005
uelu3,2,17,2.195612362077501,0.5543111111111111,2.5115362331390383,0.4704,1.6349021371744834e-05,,,11.406876622999789
uelu3,2,18,2.1729853962368435,0.5583555555555556,2.5120368675231934,0.4722,7.341522555726972e-06,,,11.379666858999826
uelu3,2,19,2.159567399681939,0.5632,2.5065709327697756,0.4768,1.8467489107293517e-06,,,11.297579404000317
uelu3,2,20,2.1570690528869627,0.5639777777777778,2.5050884243011473,0.4778,0.0,,,11.392839095999989
tuelu,2,1,4.049923559358385,0.10246666666666666,3.7201883090972903,0.161,0.00029815325108927063,,1.032909631729126,13.424388514999919
tuelu,2,2,3.4955222415076364,0.2122,3.3276507904052735,0.2398,0.00029265847744427303,,1.0519620180130005,13.436957668000105
tuelu,2,3,3.2165851484510632,0.27497777777777777,3.1262116939544677,0.2966,0.0002836509786282552,,1.06700599193573,13.430311884000275
tuelu,2,4,3.023006596544054,0.3202,2.978677425765991,0.3306,0.0002713525491562421,,1.0813863277435303,13.469230404999962
tuelu,2,5,2.871087338892619,0.35877777777777775,2.896289645385742,0.3574,0.0002560660171779821,,1.092598557472229,13.426619805999962
tuelu,2,6,2.736950062603421,0.3951777777777778,2.7847763626098634,0.3876,0.000238167787843871,,1.1005501747131348,13.494725317999837
tuelu,2,7,2.6266747476365833,0.42375555555555555,2.709768901824951,0.405,0.00021809857496093204,,1.1057634353637695,13.409053778999805
tuelu,2,8,2.5199839688195125,0.45353333333333334,2.651074397277832,0.4196,0.00019635254915624216,,1.110514521598816,13.490412677000222
tuelu,2,9,2.4296064217037623,0.48002222222222224,2.5947099437713623,0.4408,0.00017346516975603468,,1.1148046255111694,13.43868638899994
tuelu,2,10,2.346015786912706,0.5028,2.552402596473694,0.4528,0.00015000000000000001,,1.1171183586120605,13.460579929999767
tuelu,2,11,2.2672109064737955,0.5261333333333333,2.5341063217163087,0.4578,0.0001265348302439654,,1.1191394329071045,13.401284238999779
tuelu,2,12,2.1925557955847848,0.5473555555555556,2.4867749225616453,0.4756,0.0001036474508437579,,1.1201326847076416,13.403985706000185
tuelu,2,13,2.127310648091634,0.5692666666666667,2.4768286085128786,0.4816,8.190142503906799e-05,,1.120294451713562,13.425050962000114
tuelu,2,14,2.0680649186028375,0.5869333333333333,2.4631253435134886,0.4832,6.183221215612905e-05,,1.1206550598144531,13.513279409000006
tuelu,2,15,2.0170716184828015,0.6031333333333333,2.4489240020751954,0.4866,4.393398282201788e-05,,1.120703935623169,13.433155458999863
tuelu,2,16,1.9793803493923612,0.6175555555555555,2.445138603591919,0.4938,2.86474508437579e-05,,1.1207408905029297,13.481266921000042
tuelu,2,17,1.9458427870856392,0.6262222222222222,2.433154584503174,0.4934,1.6349021371744834e-05,,1.1208339929580688,13.417002810999747
tuelu,2,18,1.9219397030724419,0.636,2.4336494926452636,0.4938,7.341522555726972e-06,,1.120712161064148,13.540663434999715
tuelu,2,19,1.9046325064341227,0.6402888888888889,2.430310722923279,0.4984,1.8467489107293517e-06,,1.1206755638122559,13.39541793599983
tuelu,2,20,1.9005166197035048,0.6414666666666666,2.4283887825012207,0.4994,0.0,,1.1206796169281006,13.38583206300018
relu,3,1,4.0938904303656685,0.09291111111111111,3.778353760910034,0.1556,0.00029815325108927063,,,8.938322017000246
relu,3,2,3.593003267754449,0.19017777777777778,3.410597204589844,0.2278,0.00029265847744427303,,,8.614895572000023
relu,3,3,3.3033183156755235,0.25395555555555555,3.1843749782562254,0.2818,0.0002836509786282552,,,8.411094609999964
relu,3,4,3.0974399841308595,0.30466666666666664,3.05675786857605,0.3138,0.0002713525491562421,,,9.137519096999767
relu,3,5,2.9491056141747367,0.3401777777777778,2.9209544692993163,0.3596,0.0002560660171779821,,,9.488859710999805
relu,3,6,2.810968458387587,0.37835555555555556,2.836905062484741,0.3744,0.000238167787843871,,,9.789527318999717
relu,3,7,2.702051786380344,0.4057777777777778,2.7557222396850585,0.3972,0.00021809857496093204,,,9.719405133000237
relu,3,8,2.6054794154696994,0.43095555555555554,2.7036288253784178,0.4162,0.00019635254915624216,,,9.3900551669999
relu,3,9,2.51905910059611,0.456,2.644037306213379,0.4264,0.00017346516975603468,,,8.978546176999771
relu,3,10,2.435261796569824,0.4770888888888889,2.6015942319869994,0.4348,0.00015000000000000001,,,8.52914262899958
relu,3,11,2.3680784112294515,0.4986,2.570742094421387,0.4484,0.0001265348302439654,,,8.523944265000864
relu,3,12,2.2979485327826605,0.5195111111111111,2.5305477096557616,0.4644,0.0001036474508437579,,,8.541715393000231
relu,3,13,2.2389581284840903,0.5363111111111111,2.509429923248291,0.4698,8.190142503906799e-05,,,8.812129627000104
relu,3,14,2.1821517558203802,0.5540666666666667,2.5036139373779296,0.4732,6.183221215612905e-05,,,8.772141587999613
relu,3,15,2.136686296251085,0.5676666666666667,2.49165466003418,0.4804,4.393398282201788e-05,,,9.010467428999618
relu,3,16,2.1014547696643406,0.5802222222222222,2.4700373552322388,0.4876,2.86474508437579e-05,,,9.189083492000464
relu,3,17,2.0669298113505046,0.5886888888888889,2.4739450672149657,0.4846,1.6349021371744834e-05,,,8.869827882999743
relu,3,18,2.0448625407748753,0.6002222222222222,2.463307441329956,0.493,7.341522555726972e-06,,,8.884316978999777
relu,3,19,2.027304842122396,0.6057111111111111,2.4577652507781984,0.4958,1.8467489107293517e-06,,,8.603413048999755
relu,3,20,2.0156430029551187,0.6110666666666666,2.455944007301331,0.4948,0.0,,,9.081310609999491
silu,3,1,4.0528095726860895,0.10095555555555556,3.7309250045776365,0.1658,0.00029815325108927063,,,9.556523727999775
silu,3,2,3.5659162707010905,0.19775555555555555,3.4213897911071776,0.2222,0.00029265847744427303,,,8.660842363000484
silu,3,3,3.3118576080322266,0.25524444444444444,3.219358466720581,0.2646,0.0002836509786282552,,,8.99308474100053
silu,3,4,3.13221948805915,0.298,3.0985806957244875,0.3002,0.0002713525491562421,,,9.282331114999579
silu,3,5,2.9921870581732857,0.3338888888888889,2.9525117252349853,0.3538,0.0002560660171779821,,,8.516184375999728
silu,3,6,2.8573584023369683,0.36704444444444445,2.8570508464813233,0.3784,0.000238167787843871,,,8.962552552000489
silu,3,7,2.7396096492767334,0.3979333333333333,2.7646509159088133,0.3954,0.00021809857496093204,,,8.812114979000398
silu,3,8,2.6453955440945096,0.41946666666666665,2.6949585586547853,0.4166,0.00019635254915624216,,,8.827267695000046
silu,3,9,2.555606096013387,0.4459111111111111,2.645547522735596,0.4224,0.00017346516975603468,,,9.812239884000519
silu,3,10,2.47203848783705,0.46842222222222224,2.593475200843811,0.442,0.00015000000000000001,,,9.564105925000149
silu,3,11,2.4029737099541557,0.4905111111111111,2.5596998825073243,0.458,0.0001265348302439654,,,8.53039471699958
silu,3,12,2.329427356974284,0.5134222222222222,2.5293306259155273,0.4678,0.0001036474508437579,,,8.456522159999622
silu,3,13,2.2738439501020644,0.5271333333333333,2.496006275177002,0.477,8.190142503906799e-05,,,8.632551503000286
silu,3,14,2.215814316897922,0.5444666666666667,2.474917080307007,0.482,6.183221215612905e-05,,,8.987362015000144
silu,3,15,2.1718332181294757,0.5581333333333334,2.4615906744003295,0.4914,4.393398282201788e-05,,,8.568943436999689
silu,3,16,2.1348117926279704,0.5686888888888889,2.44718560962677,0.4938,2.86474508437579e-05,,,8.624804132000463
silu,3,17,2.0969890514797633,0.5806444444444444,2.4427208736419677,0.4952,1.6349021371744834e-05,,,8.715796545000558
silu,3,18,2.077284924549527,0.5888666666666666,2.4297339630126955,0.4962,7.341522555726972e-06,,,8.421841133999806
silu,3,19,2.0663747509850396,0.5938,2.4278032867431643,0.4998,1.8467489107293517e-06,,,8.809165843999835
silu,3,20,2.0575794511583116,0.5969111111111111,2.425279551124573,0.4998,0.0,,,8.733667509000043
gelu,3,1,4.023208286073473,0.107,3.6719357292175294,0.1732,0.00029815325108927063,,,9.317941159999464
gelu,3,2,3.502466385735406,0.21022222222222223,3.3439975868225096,0.2388,0.00029265847744427303,,,8.602834325000003
gelu,3,3,3.236936435614692,0.27213333333333334,3.1398804752349854,0.2884,0.0002836509786282552,,,8.578518636999434
gelu,3,4,3.0393665275149875,0.3174444444444444,2.9945797256469726,0.324,0.0002713525491562421,,,8.4916324980004
gelu,3,5,2.8861543318006726,0.3575111111111111,2.8624936416625975,0.373,0.0002560660171779821,,,9.3527833499993
gelu,3,6,2.749002757432726,0.39297777777777776,2.7834001693725585,0.3928,0.000238167787843871,,,8.687639214000228
gelu,3,7,2.6315463909573027,0.4268222222222222,2.6916932525634767,0.4154,0.00021809857496093204,,,9.25095523300024
gelu,3,8,2.5322189323001436,0.4503333333333333,2.6299161172866823,0.4358,0.00019635254915624216,,,9.063030299000275
gelu,3,9,2.4393888282352023,0.4760888888888889,2.5873900482177734,0.4438,0.00017346516975603468,,,9.407426673000373
gelu,3,10,2.3524203279707168,0.5031555555555556,2.521582484817505,0.461,0.00015000000000000001,,,8.687406665999333
gelu,3,11,2.28231130472819,0.5267555555555555,2.5028476331710814,0.4686,0.0001265348302439654,,,8.491746784000497
gelu,3,12,2.206738283665975,0.5461777777777778,2.4620792697906495,0.4864,0.0001036474508437579,,,8.844997387000149
gelu,3,13,2.141828401735094,0.5667333333333333,2.4414406902313233,0.4928,8.190142503906799e-05,,,8.77950327399958
gelu,3,14,2.0863335695902507,0.5820888888888889,2.4280551513671873,0.4996,6.183221215612905e-05,,,9.502830418000485
gelu,3,15,2.038880504565769,0.5979333333333333,2.411723393249512,0.503,4.393398282201788e-05,,,9.38568475899956
gelu,3,16,1.9972412101745605,0.6117555555555556,2.3963470157623292,0.51,2.86474508437579e-05,,,8.982665731000452
gelu,3,17,1.9620994480556913,0.6216444444444444,2.3954999988555907,0.508,1.6349021371744834e-05,,,9.738142710999455
gelu,3,18,1.9382331471761067,0.6304888888888889,2.3859459518432615,0.5128,7.341522555726972e-06,,,8.833570777000205
gelu,3,19,1.925750724834866,0.6339555555555556,2.383104655075073,0.5108,1.8467489107293517e-06,,,8.693342296999617
gelu,3,20,1.9131944006813897,0.6423777777777778,2.381618172454834,0.5132,0.0,,,8.763400184000602
dgelu,3,1,4.0852702813890245,0.09493333333333333,3.7857063941955564,0.1508,0.00029815325108927063,1.0,,19.4429262019994
dgelu,3,2,3.6268591936747234,0.1862888888888889,3.4834472015380857,0.2074,0.00029265847744427303,0.9473684210526316,,19.39634045599996
dgelu,3,3,3.3682261626349557,0.2431111111111111,3.2783184394836424,0.2616,0.0002836509786282552,0.8947368421052632,,19.37251108700002
dgelu,3,4,3.193416536076864,0.2854,3.169102565765381,0.2808,0.0002713525491562421,0.8421052631578947,,19.199046185000043
dgelu,3,5,3.0595896124098036,0.3174444444444444,3.0230826164245603,0.3354,0.0002560660171779821,0.7894736842105263,,19.436740641000142
dgelu,3,6,2.9247523445129393,0.3512888888888889,2.9152959411621095,0.3554,0.000238167787843871,0.736842105263158,,19.48959851700056
dgelu,3,7,2.7998418236202665,0.3838,2.805558903884888,0.3864,0.00021809857496093204,0.6842105263157895,,19.582966205000048
dgelu,3,8,2.698267905892266,0.40695555555555557,2.7375279163360595,0.4086,0.00019635254915624216,0.631578947368421,,19.598543750999852
dgelu,3,9,2.6024543647766114,0.4351333333333333,2.674704084396362,0.4146,0.00017346516975603468,0.5789473684210527,,19.38608768099948
dgelu,3,10,2.5120925148010254,0.4598,2.622676752090454,0.4326,0.00015000000000000001,0.5263157894736843,,19.64958856500016
dgelu,3,11,2.4397860413445365,0.4795111111111111,2.585511549758911,0.4482,0.0001265348302439654,0.4736842105263158,,19.45020651899995
dgelu,3,12,2.361999053615994,0.5037333333333334,2.555921703720093,0.459,0.0001036474508437579,0.42105263157894735,,19.580087459000424
dgelu,3,13,2.303936616177029,0.5176,2.512787701034546,0.4708,8.190142503906799e-05,0.368421052631579,,19.53474473500046
dgelu,3,14,2.2422658158196342,0.5356666666666666,2.494271845817566,0.4778,6.183221215612905e-05,0.3157894736842105,,19.46992916599993
dgelu,3,15,2.1971988981882733,0.5506666666666666,2.4812196060180662,0.4852,4.393398282201788e-05,0.26315789473684215,,19.56961440000032
dgelu,3,16,2.1578566023508707,0.5636888888888889,2.4660629749298097,0.488,2.86474508437579e-05,0.21052631578947367,,19.709776292000242
dgelu,3,17,2.120385336049398,0.5734222222222223,2.4603171115875244,0.489,1.6349021371744834e-05,0.1578947368421053,,19.355475974999536
dgelu,3,18,2.1021543866475425,0.5806888888888889,2.4480656433105468,0.494,7.341522555726972e-06,0.10526315789473684,,19.628628743999798
dgelu,3,19,2.0925490234375,0.5856222222222223,2.446100626373291,0.4966,1.8467489107293517e-06,0.052631578947368474,,19.405353793999893
dgelu,3,20,2.084746207682292,0.5892888888888889,2.446461275100708,0.496,0.0,0.0,,19.60906954500024
uelu,3,1,4.0167430667453345,0.10784444444444445,3.648795561218262,0.1816,0.00029815325108927063,,,11.36378466899987
uelu,3,2,3.479233272764418,0.21504444444444445,3.307147344970703,0.2478,0.00029265847744427303,,,11.312500883000212
uelu,3,3,3.2059331904093424,0.2783333333333333,3.10639966506958,0.2946,0.0002836509786282552,,,11.190632518999337
uelu,3,4,3.003830935075548,0.32582222222222224,2.961986727523804,0.3338,0.0002713525491562421,,,11.166301422000288
uelu,3,5,2.8460670355478923,0.3675111111111111,2.82954599571228,0.3824,0.0002560660171779821,,,11.294013360999998
uelu,3,6,2.7070491945054798,0.40428888888888886,2.7590746925354006,0.3972,0.000238167787843871,,,11.284107773999494
uelu,3,7,2.594212359491984,0.4358444444444444,2.6721405387878416,0.424,0.00021809857496093204,,,11.281661097999859
uelu,3,8,2.4929419942220052,0.46013333333333334,2.607762905883789,0.4444,0.00019635254915624216,,,11.283701272000144
uelu,3,9,2.4005537704467774,0.48631111111111114,2.568628204345703,0.4516,0.00017346516975603468,,,11.36053670399997
uelu,3,10,2.313349722120497,0.5141111111111111,2.5212485076904296,0.4682,0.00015000000000000001,,,11.240478367999458
uelu,3,11,2.2408485778808593,0.5362222222222223,2.4953226795196533,0.4732,0.0001265348302439654,,,11.236382347000472
uelu,3,12,2.1614963841756185,0.5600666666666667,2.4597022718429566,0.4864,0.0001036474508437579,,,11.27538103400002
uelu,3,13,2.097051757727729,0.5791333333333334,2.4483899379730225,0.4934,8.190142503906799e-05,,,11.31149977899986
uelu,3,14,2.0389344718085396,0.5966888888888889,2.438978769302368,0.494,6.183221215612905e-05,,,11.31267047700021
uelu,3,15,1.9923482636345757,0.6118444444444444,2.4148235454559326,0.5026,4.393398282201788e-05,,,11.322270887000741
uelu,3,16,1.9493261087205676,0.6267333333333334,2.4016641441345215,0.5106,2.86474508437579e-05,,,11.21998273600002
uelu,3,17,1.9160586542341445,0.6374444444444445,2.4029056873321535,0.5102,1.6349021371744834e-05,,,11.33389368600001
uelu,3,18,1.8889988527933756,0.6484888888888889,2.3969378364562988,0.5112,7.341522555726972e-06,,,11.313697798000248
uelu,3,19,1.874229063542684,0.6520222222222222,2.3959521480560304,0.5176,1.8467489107293517e-06,,,11.29355974200007
uelu,3,20,1.8630899896621704,0.6582,2.3942688331604005,0.5158,0.0,,,11.421691483999894
uelu3,3,1,4.076292655054728,0.09642222222222223,3.76790930557251,0.1574,0.00029815325108927063,,,11.393014369999946
uelu3,3,2,3.6084184039645724,0.18942222222222221,3.46866163482666,0.2112,0.00029265847744427303,,,11.437971966000077
uelu3,3,3,3.3556546445210773,0.2457111111111111,3.265538515472412,0.2608,0.0002836509786282552,,,11.290917461999925
uelu3,3,4,3.1817545734829373,0.287,3.1563694553375243,0.2834,0.0002713525491562421,,,11.490017158999763
uelu3,3,5,3.050367134730021,0.3200222222222222,3.0112019832611083,0.3332,0.0002560660171779821,,,11.571377569000106
uelu3,3,6,2.925079641893175,0.35026666666666667,2.9219026664733887,0.356,0.000238167787843871,,,11.236532750999686
uelu3,3,7,2.8095255185021295,0.38104444444444446,2.8225656158447268,0.3836,0.00021809857496093204,,,11.219796318999215
uelu3,3,8,2.7205200376722547,0.40164444444444447,2.761164196014404,0.4008,0.00019635254915624216,,,11.370840812000097
uelu3,3,9,2.633052572716607,0.42575555555555555,2.7026395767211913,0.4066,0.00017346516975603468,,,11.34101538899995
uelu3,3,10,2.5544505463494196,0.44737777777777776,2.6514174812316895,0.4182,0.00015000000000000001,,,11.3012492200005
uelu3,3,11,2.490039074664646,0.46564444444444447,2.612608232116699,0.4428,0.0001265348302439654,,,11.19475568100006
uelu3,3,12,2.4181435702429876,0.488,2.590361424255371,0.4472,0.0001036474508437579,,,11.255426813999293
uelu3,3,13,2.367088620291816,0.49791111111111114,2.547677858352661,0.4594,8.190142503906799e-05,,,11.211694882999836
uelu3,3,14,2.3145690326690675,0.5152666666666667,2.5239717807769777,0.4626,6.183221215612905e-05,,,11.410924016000536
uelu3,3,15,2.2724193840874567,0.5290666666666667,2.498805979537964,0.476,4.393398282201788e-05,,,11.324288253999839
uelu3,3,16,2.236592242940267,0.5401555555555556,2.493529748344421,0.4758,2.86474508437579e-05,,,11.278485522000665
uelu3,3,17,2.206338690016005,0.5470888888888888,2.4842179845809937,0.482,1.6349021371744834e-05,,,11.30246052199982
uelu3,3,18,2.1853318697187634,0.5570444444444445,2.4746989582061767,0.4828,7.341522555726972e-06,,,11.331445003000226
uelu3,3,19,2.174450600518121,0.5617333333333333,2.47020385055542,0.486,1.8467489107293517e-06,,,11.373293327999818
uelu3,3,20,2.165634211900499,0.5641777777777778,2.4688716945648195,0.484,0.0,,,11.387814412999433
tuelu,3,1,4.016442253112793,0.10822222222222222,3.6477273952484133,0.1816,0.00029815325108927063,,1.026030421257019,13.564159974999711
tuelu,3,2,3.4784935040367975,0.21555555555555556,3.3077284461975096,0.2476,0.00029265847744427303,,1.0420935153961182,13.480430629000693
tuelu,3,3,3.204611831834581,0.27875555555555553,3.1053512233734133,0.2962,0.0002836509786282552,,1.058855414390564,13.437534831999983
tuelu,3,4,3.0017533834669323,0.3264888888888889,2.957871556854248,0.334,0.0002713525491562421,,1.0699223279953003,13.484750252000595
tuelu,3,5,2.8436280367533366,0.36817777777777777,2.8258205894470216,0.385,0.0002560660171779821,,1.0802768468856812,13.420950889000778
tuelu,3,6,2.7043062112172445,0.40475555555555554,2.757200337982178,0.399,0.000238167787843871,,1.0880175828933716,13.489012913999431
tuelu,3,7,2.590699157502916,0.4361777777777778,2.670517844772339,0.4222,0.00021809857496093204,,1.093602180480957,13.451252830999692
tuelu,3,8,2.4890742337120906,0.4612222222222222,2.6047608909606934,0.4464,0.00019635254915624216,,1.0987368822097778,13.525025173999893
tuelu,3,9,2.3961296894497344,0.48906666666666665,2.5663365896224977,0.4488,0.00017346516975603468,,1.1013020277023315,13.371716549999292
tuelu,3,10,2.3077220342000326,0.5149555555555556,2.5161754404067995,0.4688,0.00015000000000000001,,1.1032588481903076,13.388659856999766
tuelu,3,11,2.2356339155832927,0.5384444444444444,2.490542078781128,0.4768,0.0001265348302439654,,1.1049244403839111,13.468898530999468
tuelu,3,12,2.1566644690619574,0.5608444444444445,2.4574993330001833,0.4902,0.0001036474508437579,,1.1049573421478271,13.47973316900061
tuelu,3,13,2.091017226155599,0.5817333333333333,2.4438518661499025,0.4972,8.190142503906799e-05,,1.105241060256958,13.398904390000098
tuelu,3,14,2.0331972891489665,0.5988222222222223,2.436098254966736,0.4974,6.183221215612905e-05,,1.1051043272018433,13.423919632000434
tuelu,3,15,1.9857046160803902,0.6139777777777777,2.411669199562073,0.5052,4.393398282201788e-05,,1.1051818132400513,13.38636832499924
tuelu,3,16,1.9417685957590738,0.6287333333333334,2.3984539487838745,0.5128,2.86474508437579e-05,,1.1048845052719116,13.553603435999321
tuelu,3,17,1.909498849105835,0.6392666666666666,2.4006425788879393,0.5104,1.6349021371744834e-05,,1.1045830249786377,13.426183141000365
tuelu,3,18,1.8828918287913003,0.6500888888888889,2.3932102308273318,0.514,7.341522555726972e-06,,1.1044707298278809,13.476527454999996
tuelu,3,19,1.8677513882954915,0.6533555555555556,2.3921538234710695,0.5158,1.8467489107293517e-06,,1.104454755783081,13.425341213000138
tuelu,3,20,1.8553644078148737,0.6612888888888889,2.3907997039794924,0.5158,0.0,,1.1044321060180664,13.397693392999827
